{
  "noise_type": "realnoise",
  "noise_param": 50,
  "train_loss": [
    0.01488352740467937,
    0.009191510498789439,
    0.008346735401642026,
    0.007992459748325265,
    0.00784166621629389,
    0.007660298246701232,
    0.007593656883067841,
    0.007425797271751341,
    0.007392326990550424,
    0.007281244223342061,
    0.007232209558334248,
    0.007176202565182902,
    0.007175124805228156,
    0.007123343331188263,
    0.00707613583185736,
    0.007092470525468819,
    0.00704045748873816,
    0.007008880869944073,
    0.006988801616982859,
    0.0069973359131869604,
    0.006980585475176723,
    0.006949622627129675,
    0.0069180100798099265,
    0.006891292418090513,
    0.006871092821602127,
    0.006870144175874026,
    0.006834871567032846,
    0.006840679990651472,
    0.006850706658674857,
    0.006815236946504016
  ],
  "valid_loss": [
    0.013483494745507356,
    0.011995864461266225,
    0.013298092059470632,
    0.01120921015559185,
    0.010835966345683862,
    0.01040540912979713,
    0.010606480051352772,
    0.010637879331586182,
    0.01046165080881247,
    0.01026152491930031,
    0.010063154748090173,
    0.010494827693428403,
    0.010283906753825884,
    0.010050662828268863,
    0.010625472692872888,
    0.009863090175654619,
    0.01041257316847482,
    0.010151539964260914,
    0.009884451090368212,
    0.010058290265019863,
    0.010135053256426448,
    0.01030358217496385,
    0.009909893596364606,
    0.009959959910721869,
    0.010218068877215027,
    0.009816042553152769,
    0.010184621508483606,
    0.010228783758457309,
    0.009844743311204898,
    0.009800085162002873
  ],
  "valid_psnr": [
    34.50296329041963,
    35.70539467116838,
    35.10278679670826,
    36.30687697856657,
    36.56595754751595,
    36.91190303461526,
    36.763561432079605,
    36.82019047775576,
    36.88723481855085,
    37.11693819812549,
    37.2155946441876,
    36.81076815756418,
    37.0674865175319,
    37.20754958737281,
    36.85905332142307,
    37.428802919003274,
    36.953758922315416,
    37.14207125607357,
    37.37312216463909,
    37.35116544846566,
    37.18330083803464,
    37.09996748226945,
    37.387915286966546,
    37.2966813304091,
    36.99955235694044,
    37.42909139202487,
    37.25667735581757,
    37.04480446602709,
    37.391267204156485,
    37.46722310653297
  ]
}